"IDplant","IDpot","Bloc","Treatment","Asso","IDcouple","IDgeno","IDnei","BIOM_above","Tillers","PH","Biovolume","SLA","RB_top","RB_deep","D_ad","D_bas","SRL_ad","SRL_bas","RTD_ad","RTD_bas","RBI_ad","RBI_bas","PfR_ad","PfR_bas"
"1","1","A","P0","P","I64+-Pdi","I64+","Pdi",2.861,18,19.5,0.00673872,20.5962962962963,0.9328,0.5278,0.3721,0.247,188.6247,544.34,48.780487804878,38.3141762452107,2.42810193998983,2.73542271374509,0.0328154868699419,0.0736181394123095
"2","1","A","P0","P","I64+-Pdi","Pdi","I64+",5.465,9,48.3,0.03186517,18.2345070422535,0.8808,0.5278,0.4152,0.2988,116.084285714286,335.729909090909,63.6363636363636,42.4710424710425,1.97311477292772,2.10531788404586,0.0134781198037069,0.0432361408210894
"3","2","A","P0","M","I64+-I64+","I64+","I64+",5.236,26,28,0.00527788,21.9225,1.0941,1.3189,0.2892,0.2233,NA,683.008166666667,48.6111111111111,37.2670807453416,3.10119881143482,3.01362916841648,0.106702400952183,0.134146975336007
"4","2","A","P0","M","I64+-I64+","I64+","I64+",7.464,25,32,0.01368897,21.7923076923077,1.4483,1.3189,0.3879,0.2624,106.6165,409.846866666667,79.5454545454545,45.1807228915663,2.82722253524146,2.6318773044176,0.048300581383426,0.0962719395729483
"5","3","A","P0","P","I64-Pdi","I64","Pdi",7.476,26,27,0.00993843,21.9638888888889,1.9476,0.7992,0.3293,0.2536,224.233384615385,608.605238095238,52.4193548387097,32.5077399380805,2.8507386191722,2.84960694671892,0.0666189773682615,0.087835984077227
"6","3","A","P0","P","I64-Pdi","Pdi","I64",4.658,7,58,0.0692407,19.4782608695652,0.5708,0.7992,0.3645,0.2915,122.316652173913,235.404333333333,78.2312925170068,63.8297872340426,2.51307813682449,2.81312672899914,0.0350465631470693,0.0588833876868397
"7","4","A","P0","P","I64+-Ktn","I64+","Ktn",4.245,19,33,0.01145582,22.4157894736842,0.5622,1.334,0.3603,0.3275,172.807166666667,352.8045,56.782334384858,33.6700336700337,2.33400813816557,2.13999537987752,0.029002793667353,0.0289254281705493
"8","4","A","P0","P","I64+-Ktn","Ktn","I64+",9.326,9,48.8,0.05902424,16.9962264150943,1.9251,1.334,0.609,0.2826,41.3287619047619,346.935277777778,83.00395256917,45.9183673469388,2.20070422535211,2.61335968043992,0.015575867459149,0.0777265545817683
"9","5","A","P+","P","Ktn-Pdi","Ktn","Pdi",5.429,9,44,0.04434882,16.9493333333333,1.3325,0.9552,0.5645,0.3219,38.904,262.85488,102.564102564103,46.7289719626168,2.24912605387621,2.40741202902529,0.0127636192969135,0.0370213761759546
"10","5","A","P+","P","Ktn-Pdi","Pdi","Ktn",2.835,4,48,0.00464956,20.6,0.3919,0.9552,0.3945,0.2655,150.742,659.7686,54.3130990415335,27.3972602739726,2.30233659848889,2.30080667676516,0.0159172146164621,0.0480343083769978
"11","6","A","P+","M","I64-I64","I64","I64",5.803,33,30,0.02148849,21.2785714285714,1.4132,1.2873,0.3682,0.2559,137.068263157895,333.215533333333,68.5920577617328,58.3657587548638,2.94129279417824,3.34118077328528,0.0638896565129944,0.101230387980821
"12","6","A","P+","M","I64-I64","I64","I64",10.291,30,28,0.01477805,21.822641509434,1.9056,1.2873,0.462,0.2668,85.9490769230769,472.462,69.5187165775401,37.8378378378378,2.96239812840877,2.71072443014313,0.0210437577247179,0.0714970161830514
"13","7","A","P+","P","I64+-Pdi","I64+","Pdi",6.086,22,24,0.01286796,23.2032258064516,1.2925,0.9692,0.3607,0.2546,143.426666666667,358.732833333333,68.1818181818182,54.7945205479452,2.36667596293886,3.17088343832481,0.0441000117349685,0.10572531575425
"14","7","A","P+","P","I64+-Pdi","Pdi","I64+",5.856,10,55,0.01382301,17.9539568345324,0.6476,0.9692,0.4092,0.2458,87.9512857142857,508.143578947368,86.4197530864198,41.4847161572052,1.95995943641962,2.63187114126882,0.0152755206774152,0.105920346290677
"15","8","A","P+","P","I64-Ktn","I64","Ktn",4.651,20,46,0.02003917,19.8545454545455,1.1509,1.6952,0.4008,0.2874,116.1465,277.156375,68.2926829268293,55.5555555555556,2.47224718043899,2.63389214843065,0.0213460293535078,0.0418506778362151
"16","8","A","P+","P","I64-Ktn","Ktn","I64",7.024,12,29,0.0382646,16.825,1.3525,1.6952,0.4674,0.2552,66.44190625,364.9801,87.6712328767123,53.475935828877,2.4786691004971,2.92892680998224,0.0192427937294883,0.0799375527322848
"17","9","A","P0","M","Ktn-Ktn","Ktn","Ktn",7.068,12,66,0.09821247,17.0795031055901,1.4558,2.1272,0.3767,NA,127.497195652174,NA,70.4441041347626,NA,2.37686387305023,NA,0.0257997075616279,NA
"18","9","A","P0","M","Ktn-Ktn","Ktn","Ktn",9.331,11,69,0.09971415,16.7728971962617,2.4922,2.1272,0.3881,0.2798,101.500970588235,241.64675,83.3333333333333,67.4157303370787,2.45723526839645,2.55883157267099,0.0216728311684179,0.0736649891886326
"19","10","A","P0","M","Pdi-Pdi","Pdi","Pdi",6.394,13,49,0.02539978,18.882,1.3704,0.9098,0.3261,0.247,218.5736,365.674833333333,54.8245614035088,57.0071258907363,2.09906411387286,3.00927645645106,0.0487003504416898,0.105107283386864
"20","10","A","P0","M","Pdi-Pdi","Pdi","Pdi",6.112,10,56,0.03430619,19.288275862069,1.1565,0.9098,0.3853,0.2641,96.5510769230769,348.539529411765,88.7372013651877,52.3076923076923,2.27858670261416,2.5366352234163,0.0429437414569488,0.0978441063830508
"21","11","A","P0","P","I64-Ktn","I64","Ktn",4.868,27,29,0.01187417,21.4755555555556,0.9645,1.9814,0.4066,0.2669,147.009,439.06925,52.2875816993464,40.8163265306122,3.18007741022658,2.61917681550234,0.0289463108658455,0.048642664114248
"22","11","A","P0","P","I64-Ktn","Ktn","I64",12.812,15,63,0.09790459,15.8187250996016,2.7943,1.9814,0.4251,0.2653,90.6446071428571,429.9205,77.7777777777778,42.1052631578947,2.50980182021702,2.640022980993,0.0215429071932642,0.0771451202222158
"23","12","A","P+","M","Ktn-Ktn","Ktn","Ktn",8.483,11,53,0.08547226,16.5906382978723,2.1346,2.089,0.4577,0.3095,58.738,233.436888888889,103.448275862069,56.9620253164557,2.86015867070721,2.54648889159668,0.0241670395890719,0.0454474054679263
"24","12","A","P+","M","Ktn-Ktn","Ktn","Ktn",10.517,11,56,0.10837238,17.2801724137931,2.6325,2.089,0.4264,0.2765,67.2457906976744,283.878192307692,104.116222760291,58.6907449209932,2.68020579830535,2.67720459194782,0.0232200309632052,0.0781818809786478
"25","13","A","P+","P","I64-I64+","I64","I64+",9.904,33,31,0.01499796,20.7485714285714,1.7395,1.9838,0.3795,0.2578,134.152555555556,459.764625,65.6934306569343,41.6666666666667,2.53442805164601,2.55021795119622,0.0341424739798586,0.0662057339807906
"26","13","A","P+","P","I64-I64+","I64+","I64",7.968,28,32,0.01658761,24.838,1.3127,1.9838,0.393,0.2583,123.0603,376.843111111111,67.1140939597315,50.561797752809,2.68973828277682,2.90719273685365,0.0570171005002597,0.105707489112922
"27","14","A","P+","P","I64+-Ktn","I64+","Ktn",7.074,30,24,0.01256637,21.893023255814,1.6459,2.5863,0.315,0.3279,272.347647058823,220.434363636364,47.0914127423823,53.6585365853659,2.64152002954701,2.51981830914005,0.0451578780719033,0.056740735982553
"28","14","A","P+","P","I64+-Ktn","Ktn","I64+",11.544,14,48,0.07781097,16.935,2.5738,2.5863,0.4193,0.3457,87.1166956521739,209.472317073171,83.0324909747292,50.8684863523573,2.46046781827873,2.47427770012104,0.03644602496974,0.0430616263074788
"29","15","A","P0","P","I64-I64+","I64","I64+",2.178,13,22,0.00590934,22.7045454545455,0.6244,0.5526,0.4075,0.2873,164.1075,323.029714285714,46.875,47.6190476190476,2.37649101960605,2.79938864536124,0.0325783707260633,0.0307755468798414
"30","15","A","P0","P","I64-I64+","I64+","I64",5.851,22,30,0.01507964,21.3952380952381,1.4111,0.5526,0.4154,0.2469,96.73875,459.918071428571,76.4331210191083,45.4545454545455,2.36030890758185,2.72874687463745,0.0352294734343408,0.0941654938863854
"31","16","A","P0","M","I64-I64","I64","I64",5.801,24,28,0.01765156,21.7652173913044,1.1434,1.3558,0.4032,0.2377,106.436076923077,503.862,73.4463276836158,44.6927374301676,3.06431668267483,2.85296370831696,0.062790031118633,0.0986698982249034
"32","16","A","P0","M","I64-I64","I64","I64",10.727,26,32,0.01990513,24.6827586206897,2.3118,1.3558,0.3278,0.2612,199.416642857143,442.017545454545,59.3220338983051,42.1455938697318,3.03743096381481,2.67574734281424,0.0718869497955479,0.0608070916451517
"33","17","A","P0","P","Ktn-Pdi","Ktn","Pdi",13.067,14,52,0.09583952,15.8599173553719,2.8123,2.1686,0.343,0.2422,165.180875,590.646,65.5737704918033,36.8098159509202,2.14411424244282,2.44083032250564,0.0375807035113158,0.0658515440479143
"34","17","A","P0","P","Ktn-Pdi","Pdi","Ktn",4.873,7,44,0.01843068,20.8220472440945,0.5303,2.1686,0.3313,0.2903,198.544,274.987304347826,58.3657587548638,54.8926014319809,2.50826013377387,2.68470892253049,0.0326326438555825,0.0557335246530328
"35","18","A","P+","M","Pdi-Pdi","Pdi","Pdi",4.758,6,50,0.02756748,20.1264,0.4185,0.5031,0.4241,0.2645,90.213,332.2857,78.5340314136126,54.6448087431694,1.90659882722002,2.37145324038922,0.0230255318501627,0.0615154018533512
"36","18","A","P+","M","Pdi-Pdi","Pdi","Pdi",3.166,6,48,0.02405203,20.7526785714286,0.8045,0.5031,0.3897,0.3329,147.442466666667,248.2304,56.8181818181818,46.2962962962963,2.22459653189018,2.43644614035992,0.01819951000292,0.0338670176937601
"37","19","A","P+","M","I64+-I64+","I64+","I64+",10.069,28,37,0.0272774,20.3627450980392,2.2289,1.9366,0.3336,0.2725,168.670153846154,496.973625,67.8851174934726,34.4827586206897,3.01681205739741,2.98557091435184,0.0573555956874086,0.0650565425736361
"38","19","A","P+","M","I64+-I64+","I64+","I64+",9.517,26,36,0.02058372,20.1074074074074,1.7769,1.9366,0.384,0.2981,132.699764705882,340.308818181818,65.1340996168582,42.1455938697318,2.69072687748017,2.65534219320045,0.0352496701302985,0.0511549808421302
"39","20","A","P+","P","I64-Pdi","I64","Pdi",6.877,24,26,0.01470265,22.95,1.631,1.0883,0.3754,0.2485,134.153055555556,460.475421052632,67.4157303370786,44.811320754717,2.67107843238755,2.95575522460597,0.0577135315378484,0.0910173633867524
"40","20","A","P+","P","I64-Pdi","Pdi","I64",5.6541,10,53,0.02830575,19.1171641791045,0.6565,1.0883,0.5347,0.2691,48.8248333333333,279.927764705882,90.9090909090909,62.7306273062731,1.96279898548894,2.73179719473847,0.0215636847489586,0.0748047151501985
"41","21","B","P+","M","I64-I64","I64","I64",1.18,8,22,0.00391652,22.6166666666667,0.4555,0.2819,0.3938,0.3209,138.199736842105,246.049428571429,59.375,50.2392344497608,2.20885484205736,2.12500856390063,0.0177600367855132,0.0280490685592328
"42","21","B","P+","M","I64-I64","I64","I64",3.579,19,24,0.03053628,21.3384615384615,1.1508,0.2819,0.4375,0.2908,109.361884615385,433.529090909091,60.8899297423888,34.7368421052632,2.26840387717701,2.14168983801723,0.0255048494094539,0.0568649679501346
"43","22","B","P+","P","I64-Ktn","I64","Ktn",4.69,21,33,0.03151646,23.3564102564103,1.0835,1.6393,0.4524,0.2625,99.6495833333333,382.98528,62.5,48.2625482625483,2.32063188088259,2.63822150031458,0.026532586347886,0.0787367143862701
"44","22","B","P+","P","I64-Ktn","Ktn","I64",8.683,13,56,0.07740884,16.4267326732673,1.7798,1.6393,0.4708,0.3093,65.0393970588235,254.102914285714,88.3116883116883,52.3952095808383,2.37638770527999,2.49842527245991,0.0290199928027231,0.0544185157972394
"45","23","B","P+","P","I64-Pdi","I64","Pdi",6.865,24,26,0.01500215,21.5266666666667,1.5295,1.0239,0.4304,0.2644,105.46846875,488.740470588235,65.173116089613,37.280701754386,2.49482146767206,2.60633936837402,0.0422892637488893,0.0965204679680337
"46","23","B","P+","P","I64-Pdi","Pdi","I64",2.489,4,48,0.02322265,21.3899159663866,0.3981,1.0239,0.4102,0.3499,105.052295081967,184.819263157895,72.0188902007084,56.2130177514793,2.39069066304214,2.18990615582905,0.0274508268773721,0.0303017201958812
"47","24","B","P+","M","Pdi-Pdi","Pdi","Pdi",4.551,6,48,0.02915398,20.2700934579439,0.7096,0.6644,0.4146,0.2755,113.7929375,410.466428571429,65.0406504065041,40.8878504672897,2.03952317632483,2.07777563155504,0.0281114702660784,0.06446244867746
"48","24","B","P+","M","Pdi-Pdi","Pdi","Pdi",3.22,5,46,0.01517389,19.0299212598425,0.4882,0.6644,0.4732,0.2837,83.6687941176471,402.379377358491,68,39.3175074183976,2.07751923814452,2.31406510339651,0.0172141501284648,0.0699582920596676
"49","25","B","P0","M","I64+-I64+","I64+","I64+",6.211,24,32,0.02144661,20.4041666666667,1.3522,2.1056,0.398,0.2596,102.526269230769,414.707222222222,78.3132530120482,45.6081081081081,2.57720066489526,2.79894026084444,0.0416981782170494,0.0853602719859158
"50","25","B","P0","M","I64+-I64+","I64+","I64+",9.589,27,30,0.02073451,19.4048387096774,1.8548,2.1056,0.3828,0.2724,98.5157272727273,313.557631578947,88.1410256410256,54.7550432276657,3.18361719817694,2.98442576240916,0.0933415996428791,0.082231996654995
"51","26","B","P0","P","I64-Pdi","I64","Pdi",4.273,16,52,0.02317029,27.5846153846154,1.155,1.1059,0.3487,0.2683,168.52,438.582666666667,62.1359223300971,40.3309203722854,2.58315036790885,2.82495058090385,0.0507679029611212,0.096236081145994
"52","26","B","P0","P","I64-Pdi","Pdi","I64",9.559,11,30,0.0258396,17.9158536585366,1.0202,1.1059,0.4838,0.2647,59.3715,372.487163934426,91.6334661354582,48.7609912070344,2.44224922732287,2.60631711943248,0.0396287980100803,0.0978966986518953
"53","27","B","P0","P","I64+-Pdi","I64+","Pdi",9.093,32,21,0.01570168,20.3865384615385,2.0759,1.9232,0.4019,0.2799,110.278263157895,367.849261904762,71.4285714285714,44.1640378548896,2.32903654726059,2.67837453346088,0.0443956658318803,0.0748810250915444
"54","27","B","P0","P","I64+-Pdi","Pdi","I64+",7.334,10,52,0.02793504,17.6940789473684,0.7833,1.9232,0.3771,0.2735,132.270724637681,371.149363636364,67.7134445534838,45.8715596330275,2.16069808517446,2.52679452991604,0.0374242977851731,0.0893570455955263
"55","28","B","P0","M","I64-I64","I64","I64",3.789,16,30,0.0084823,23.727027027027,0.7104,0.9171,0.4121,0.2545,147.638782608696,418.4405,50.7726269315673,47.008547008547,2.48550221869357,2.72222910805935,0.0237710218055227,0.0848154501943131
"56","28","B","P0","M","I64-I64","I64","I64",6.746,24,33,0.01140398,20.9390243902439,1.1305,0.9171,0.4071,0.2788,134.939111111111,339.78462962963,56.9620253164557,48.2142857142857,2.62120967591418,2.3849529958247,0.0232896601214229,0.0627440511472383
"57","29","B","P+","P","I64+-Ktn","I64+","Ktn",4.711,19,24,0.00787911,21.95,1.3425,0.9764,0.5223,0.3052,73.5331034482759,291.12721875,63.4573304157549,46.9897209985316,2.17589075527794,2.54291750245356,0.0207365559093222,0.0641784798949523
"58","29","B","P+","P","I64+-Ktn","Ktn","I64+",7.738,10,54,0.09104336,16.7148514851485,1.638,0.9764,0.4298,0.2906,80.7851038961039,282.289511627907,85.2713178294574,53.416149068323,2.25224754531543,2.58599760150576,0.0210722732283355,0.0735925708736011
"59","30","B","P+","M","Ktn-Ktn","Ktn","Ktn",7.788,9,50,0.08911651,16.8823255813953,1.6125,1.8354,0.4163,0.3391,104.485595505618,191.820542857143,70.3001579778831,57.7557755775578,2.18297925696548,2.28636319154853,0.0284851357333669,0.0432290558498262
"60","30","B","P+","M","Ktn-Ktn","Ktn","Ktn",4.977,7,40,0.04804542,22.0020618556701,1.1964,1.8354,0.456,0.2813,71.7707727272727,291.110913043478,85.2713178294574,55.2884615384615,2.40242978962273,2.42698472463282,0.0270194305896559,0.0663284602317214
"61","31","B","P+","M","I64+-I64+","I64+","I64+",5.995,26,32,0.02211681,24.12,1.384,2.0548,0.3742,0.2838,155.788942857143,346.831871794872,58.3333333333333,45.5607476635514,2.46670724659902,2.80857280809153,0.0382022276622351,0.0896197543260251
"62","31","B","P+","M","I64+-I64+","I64+","I64+",11.219,26,35,0.03273016,21.6254901960784,2.3117,2.0548,0.3486,NA,174.035471264368,NA,60.1659751037344,NA,2.48925341286616,NA,0.0598686906797663,NA
"63","32","B","P0","P","I64-Ktn","I64","Ktn",7.368,27,37,0.0220854,21.7927272727273,1.8138,2.234,0.3476,0.2516,171.394162162162,490.30952,61.4617940199336,41.0509031198686,2.57348952564533,2.70359833111134,0.060196657653527,0.0904064311882049
"64","32","B","P0","P","I64-Ktn","Ktn","I64",10.123,12,60,0.09896017,15.2234042553192,2.0698,2.234,0.4202,0.313,79.6438313253012,181.792290697674,90.5125408942203,71.4879467996675,2.63976456628139,2.87000171483722,0.0546189768501253,0.0755311154880884
"65","33","B","P0","P","I64+-Ktn","I64+","Ktn",10.451,30,28,0.02586159,22.7,2.1598,2.9574,0.4502,0.3189,80.9316190476191,228.639894736842,77.4907749077491,54.7550432276657,3.02430505706169,2.62344663031747,0.0253311238293624,0.0657795484650979
"66","33","B","P0","P","I64+-Ktn","Ktn","I64+",10.028,13,60,0.12817698,16.1670731707317,2.6367,2.9574,0.4375,0.2923,80.1713063063063,230.279555555556,82.9596412556054,64.7482014388489,2.29913085886472,2.64895421796502,0.0330570732139372,0.0783933159494802
"67","34","B","P0","P","Ktn-Pdi","Ktn","Pdi",8.965,10,44,0.0314243,15.747619047619,2.0679,2.2271,0.4556,0.3123,62.321595505618,265.925072463768,98.4513274336283,49.0753911806543,2.55831387103718,2.66829002176161,0.0349885865388764,0.0685513856317357
"68","34","B","P0","P","Ktn-Pdi","Pdi","Ktn",7.01,10,50,0.02827433,18.3268965517241,1.0894,2.2271,0.3856,0.2845,122.686523809524,252.577438596491,69.8254364089776,62.2950819672131,2.14056963604882,2.34425238631001,0.030218411158846,0.0713879798846907
"69","35","B","P+","P","I64-I64+","I64","I64+",4.8068,15,25,0.01420262,20.8581395348837,0.9156,0.8808,0.3599,0.2658,189.575472222222,417.408333333333,51.8731988472623,43.2098765432099,2.85433080961452,2.80186981458718,0.0407666439289526,0.0812933099194302
"70","35","B","P+","P","I64-I64+","I64+","I64",6.915,21,30,0.02010619,22.4488372093023,1.5754,0.8808,0.393,0.2644,129.710516129032,447.307740740741,63.5245901639344,40.7239819004525,2.3252771805007,2.80112068011177,0.0289356322986761,0.0736819095693736
"71","36","B","P+","P","Ktn-Pdi","Ktn","Pdi",12.412,14,56,0.06773274,16.585201793722,2.1743,1.8714,0.4018,0.3122,92.715702970297,270.146523076923,85.0884582982308,48.3630952380952,2.50312730730351,2.55530844685767,0.0409793828496501,0.071976494781585
"72","36","B","P+","P","Ktn-Pdi","Pdi","Ktn",3.023,4,51,0.02670354,20.5722222222222,0.5297,1.8714,0.3687,0.3217,125.19345,231.069237623762,74.9063670411985,53.2419609910385,2.17663144517545,2.35795768727842,0.0290283276896294,0.0514646852422074
"73","37","B","P+","P","I64+-Pdi","I64+","Pdi",9.491,27,30,0.01869248,21.416393442623,2.2517,1.4125,0.663,0.2704,40.0846666666667,373.170038461539,72.289156626506,46.6786355475763,1.79481209218266,2.97348465913817,0.0224307452018495,0.0936780994332191
"74","37","B","P+","P","I64+-Pdi","Pdi","I64+",2.445,6,49,0.01477805,20.190990990991,0.5518,1.4125,0.36,0.2914,154.785847222222,335.102322580645,63.4920634920635,44.7330447330447,2.36437780837162,2.18902805998977,0.0387269661348788,0.0588864293805486
"75","38","B","P0","P","I64-I64+","I64","I64+",5.648,19,34,0.01851445,21.3470588235294,1.0784,1.5227,0.3515,0.2652,149.05446875,471.191322580645,69.1144708423326,38.4138785625774,2.80098948727426,2.82810947761717,0.0494161215050627,0.080413097959576
"76","38","B","P0","P","I64-I64+","I64+","I64",10.702,35,35,0.03133739,22.98,2.3079,1.5227,0.3322,0.2687,180.230719298246,439.994871794872,64.0449438202247,40.082219938335,2.8141317109035,2.90970757234933,0.0715487481979344,0.0954857268421982
"77","39","B","P0","M","Ktn-Ktn","Ktn","Ktn",11.96,12,49,0.10714088,17.0474178403756,2.4564,3.0826,0.4432,0.2971,77.3377657657658,322.978928571429,83.8368580060423,44.6570972886762,2.53130878332696,2.52227865373792,0.0231883806540396,0.0634281863068412
"78","39","B","P0","M","Ktn-Ktn","Ktn","Ktn",10.588,12,52,0.12121521,15.9188596491228,2.4962,3.0826,0.4525,0.3385,65.5618709677419,154.197174311927,94.8012232415902,72.0899470899471,2.84144304960889,2.32396362288913,0.0276283304588079,0.0651673937351601
"79","40","B","P0","M","Pdi-Pdi","Pdi","Pdi",4.988,6,52,0.01813327,19.6529850746269,0.7746,0.7927,0.4079,0.3041,82.58288,288.308378787879,92.5925925925926,47.7568740955138,2.6954739287368,2.66549606263874,0.0669637617663447,0.0720720973278515
"80","40","B","P0","M","Pdi-Pdi","Pdi","Pdi",3.728,9,49,0.01847256,19.9162393162393,0.3717,0.7927,0.4477,0.334,99.2505084745763,188.303846153846,63.9913232104121,60.5590062111801,2.10219646229879,2.64438952320649,0.0157407721088728,0.0624312549360788
"81","41","C","P0","M","Pdi-Pdi","Pdi","Pdi",1.076,3,36,0.00282743,21.8765432098765,0.1982,0.2782,0.4052,0.2592,112.580857142857,316.553166666667,68.9655172413793,60,2.71868092266384,2.73255835380997,0.0391206314452297,0.0705576534575384
"82","41","C","P0","M","Pdi-Pdi","Pdi","Pdi",3.692,8,50,0.01557706,19.7446043165468,0.7264,0.2782,0.4265,0.2678,104.490904761905,418.402941176471,67.0212765957447,42.4469413233458,2.30292695027607,2.69723106771547,0.02747790977459,0.0848999598025518
"83","42","C","P0","M","I64-I64","I64","I64",9.779,33,32,0.01759292,20.8288461538462,1.8059,1.7536,0.3662,0.2756,108.6154375,430.177205882353,87.431693989071,38.9908256880734,3.22045995226661,2.7628832851031,0.0836842551507786,0.087460909254187
"84","42","C","P0","M","I64-I64","I64","I64",10.432,30,33,0.01803903,20.715,1.6295,1.7536,0.3606,0.2752,165.958024390244,363.121205128205,58.9928057553957,46.3182897862233,2.7159380148874,3.0928431257007,0.0523360776143369,0.0862371199356661
"85","43","C","P0","P","I64-I64+","I64","I64+",9.354,25,29,0.01442515,20.1037735849057,1.4628,1.5195,0.3794,0.2683,168.873358974359,465.102655172414,52.3489932885906,38.0577427821522,2.85451349448479,2.71056215472491,0.0347656371955045,0.0753751125116246
"86","43","C","P0","P","I64-I64+","I64+","I64",6.666,17,34,0.02043711,19.1296875,1.223,1.5195,0.4433,0.2986,99.9593191489362,339.701842105263,64.8275862068966,42.0353982300885,2.66491389688741,2.63698738909586,0.0395483312245901,0.0745265906752243
"87","44","C","P0","M","Ktn-Ktn","Ktn","Ktn",14.279,15,66,0.2320883,15.2026923076923,2.6841,3.8962,0.8974,0.3314,14.1868095238095,159.701144927536,111.504424778761,72.6315789473684,1.96918890675331,2.5972425487861,0.0102144491410401,0.0601472110699337
"88","44","C","P0","M","Ktn-Ktn","Ktn","Ktn",10.197,12,53,0.13320353,15.947131147541,2.4463,3.8962,0.5658,0.3427,32.6824324324324,159.532546511628,121.710526315789,67.9304897314376,2.31548480463097,2.72234308972019,0.0255703070343388,0.0457999296649485
"89","45","C","P+","M","Pdi-Pdi","Pdi","Pdi",8.599,12,49,0.03720169,19.1005780346821,1.0077,0.8368,0.4474,0.3002,110.75684057971,256.682516666667,57.4043261231281,55.045871559633,2.16690904817997,2.51413045856714,0.0315486043600368,0.0743621329069965
"90","45","C","P+","M","Pdi-Pdi","Pdi","Pdi",6.036,6,41,0.05699634,18.7322580645161,0.6749,0.8368,0.4267,0.2836,96.5436585365854,342.466711111111,72.4381625441696,46.2487153134635,2.16002364657466,2.59425052310031,0.0243355151500766,0.0938048586381705
"91","46","C","P+","P","I64-Pdi","I64","Pdi",9.866,20,42,0.04552168,20.8616666666667,2.3844,1.1487,0.3732,0.2834,139.643254545455,343.910472222222,65.4761904761905,46.0947503201024,2.8995964912669,2.89642564436788,0.059734789553282,0.102517197174695
"92","46","C","P+","P","I64-Pdi","Pdi","I64",4.729,7,55,0.04239056,19.3423841059603,0.5961,1.1487,0.3444,0.2888,134.705422535211,246.957192307692,79.685746352413,61.7577197149644,2.5156614563756,2.39063543712886,0.0454870484287568,0.0775049859119211
"93","47","C","P+","P","Ktn-Pdi","Ktn","Pdi",18.484,17,49,0.20268509,15.6070234113712,4.013,2.8517,0.4273,0.3239,81.7377195121951,230.889025641026,85.3277835587929,52.5606469002695,2.31555631613491,2.42929448179789,0.0298527545842264,0.0534404986919033
"94","47","C","P+","P","Ktn-Pdi","Pdi","Ktn",2.708,4,51,0.01233703,20.8844036697248,0.3345,2.8517,0.4083,0.2887,87.4545428571428,298.678,87.2817955112219,51.1482254697286,2.15622222026202,2.31018019405514,0.0215327441016183,0.0697315863059766
"95","48","C","P+","M","Ktn-Ktn","Ktn","Ktn",12.067,14,66,0.07257079,16.8633744855967,2.5878,2.6505,0.4121,0.362,112.094763636364,173.960287128713,66.9099756690998,55.8319513543394,2.56519970440595,2.34889162423494,0.0323979982045531,0.0456697039371593
"96","48","C","P+","M","Ktn-Ktn","Ktn","Ktn",8.035,8,51,0.09105906,17.215611814346,2.1817,2.6505,0.5209,0.3918,40.8765934065934,165.546417218543,114.754098360656,50.1161632923996,2.35498431354627,2.21542074452298,0.0267800700958204,0.0367408393775375
"97","49","C","P0","P","I64-Ktn","I64","Ktn",3.028,18,23,0.00780372,21.6102564102564,0.8809,2.4874,0.3507,0.2797,175.637514285714,453.582225806452,58.9225589225589,35.8796296296296,2.62065718794537,2.38317923506276,0.0367739097382837,0.0430538856997198
"98","49","C","P0","P","I64-Ktn","Ktn","I64",11.938,14,56,0.08690902,16.3050561797753,2.4109,2.4874,0.4864,0.3341,66.1414948453608,211.175275862069,81.3758389261745,54.0540540540541,2.2538372514408,2.2403354102157,0.0214225110094701,0.0277994586087825
"99","50","C","P0","P","Ktn-Pdi","Ktn","Pdi",12.424,12,54,0.14114547,16.1339449541284,2.2861,2.5699,0.4425,0.3229,73.3067884615385,292.637435897436,88.6615515771526,41.7335473515249,2.42395433521872,2.31230383970363,0.0286876026739552,0.0540305998124022
"100","50","C","P0","P","Ktn-Pdi","Pdi","Ktn",5.772,8,54,0.05072415,18.6730769230769,0.8826,2.5699,0.4059,0.2821,99.09402,343.488526315789,78.003120124805,46.5686274509804,2.19589436375676,2.36377567911817,0.027039312741602,0.0772304474513332
"101","51","C","P0","M","I64+-I64+","I64+","I64+",7.326,26,30,0.02161416,19.944,1.5062,1.7931,0.3363,0.2457,163.608477272727,454.31696,68.8575899843505,46.4684014869888,2.87965740828333,2.78836167595416,0.0664280916234764,0.106588335671431
"102","51","C","P0","M","I64+-I64+","I64+","I64+",7.051,23,29,0.02191104,21.5465517241379,1.6024,1.7931,0.3909,0.2794,140.222041666667,354.180304347826,59.4059405940594,46,2.62381478898497,2.89339242220893,0.056112787910317,0.104812135805785
"103","52","C","P+","P","I64-Ktn","I64","Ktn",9.311,33,28,0.01828197,21.4196078431373,2.3915,1.7966,0.402,0.3547,152.465714285714,299.34343956044,51.660516605166,33.8038632986627,2.57434926821955,2.49887546932842,0.0229870856102213,0.0394312993979058
"104","52","C","P+","P","I64-Ktn","Ktn","I64",10.899,11,64,0.14526724,16.1967611336032,2.2908,1.7966,0.435,0.2869,88.654,314.200962962963,75.8658603628367,49.1803278688525,2.26168301911715,2.38229224843831,0.0251722973745611,0.0645371685536329
"105","53","C","P+","P","I64+-Pdi","I64+","Pdi",11.12,30,34,0.03161699,23.292,2.1259,1.6935,0.3615,0.2564,167.655530612245,537.556369565217,58.1257413997628,36.0219263899765,2.64877413248082,3.0087845590147,0.0480213416265843,0.099916733658229
"106","53","C","P+","P","I64+-Pdi","Pdi","I64+",3.505,6,49,0.03227568,21.546218487395,0.5012,1.6935,0.3729,0.2944,127.01962745098,282.369545454545,72.1357850070721,52.0504731861199,2.41586872246546,2.33092353186427,0.026699883956867,0.0627931811231712
"107","54","C","P+","P","I64-I64+","I64","I64+",4.765,17,28,0.01495398,23.2159090909091,0.8764,1.5526,0.4353,0.2633,91.5522,503.57344,73.5294117647059,36.4963503649635,2.99828950041616,2.92787482993543,0.0436278592400037,0.0786161118725259
"108","54","C","P+","P","I64-I64+","I64+","I64",9.288,22,32,0.02580295,23.4756756756757,1.9156,1.5526,0.3967,0.277,106.54562745098,316.653487179487,75.8928571428571,52.4193548387097,2.48811749067462,2.90133532683061,0.0457525704495208,0.10437798756003
"109","55","C","P0","P","I64-Pdi","I64","Pdi",4.438,21,20,0.0084823,21.3707317073171,1.1223,0.7201,0.4092,0.2562,112.836566666667,481.183761904762,67.4157303370787,40.3071017274472,2.43419907908104,2.69078470070686,0.0253008921320724,0.0791763093074124
"110","55","C","P0","P","I64-Pdi","Pdi","I64",5.03,6,42,0.02515787,20.0471074380165,0.7786,0.7201,0.601,0.2952,46.2540882352941,278.157032786885,76.2331838565022,52.5409130060293,2.31458077791534,2.60437862113387,0.0124630135901287,0.066349083475857
"111","56","C","P0","P","I64+-Ktn","I64+","Ktn",10.319,29,27,0.02471177,20.5587301587302,2.0077,3.2195,0.4668,0.2755,78.462,365.720088235294,74.5033112582781,45.8839406207827,2.7359316187029,2.81314470412642,0.023867616326655,0.0894042288333343
"112","56","C","P0","P","I64+-Ktn","Ktn","I64+",10.834,14,52,0.12045285,16.5643518518519,2.5371,3.2195,0.5378,0.3331,44.69428125,233.469928571429,98.4615384615385,49.1659350307287,2.54040703846572,2.29533996271774,0.022089327046721,0.0463358490865165
"113","57","C","P0","P","I64+-Pdi","I64+","Pdi",14.298,36,27,0.02120575,21.4866666666667,2.4315,1.5706,0.3832,0.2643,132.357288888889,411.431,65.5021834061135,44.2953020134228,2.55201493331686,2.57931979168347,0.0383848550094804,0.0835211570243766
"114","57","C","P0","P","I64+-Pdi","Pdi","I64+",1.922,5,39,0.01435551,21.3754545454545,0.2761,1.5706,0.3788,0.2375,117.023409090909,434.1738,75.8620689655173,52.0833333333333,2.31499913575955,2.54276052585393,0.0277398166191805,0.0761928962116878
"115","58","C","P+","M","I64+-I64+","I64+","I64+",3.841,14,24,0.00950018,23.6675675675676,0.8563,1.3159,0.401,0.2557,106.406162162162,391.917545454546,74.4466800804829,49.6613995485327,2.71270613264625,2.97140423553841,0.0401198373593753,0.103622458301134
"116","58","C","P+","M","I64+-I64+","I64+","I64+",8.24,25,30,0.01850398,23.2583333333333,1.7058,1.3159,0.3881,0.2926,120.655702702703,347.162526315789,70.0757575757576,42.8410372040586,2.50433386399227,2.55075432589741,0.0356780282490869,0.0710122287018209
"117","59","C","P+","M","I64-I64","I64","I64",5.91,24,26,0.01138094,22.0767441860465,1.2773,1.4355,0.4303,0.2573,86.8184848484848,440.909214285714,79.136690647482,43.613707165109,2.23384909651275,2.64874741787627,0.0299891154804288,0.0743277321515364
"118","59","C","P+","M","I64-I64","I64","I64",9.058,27,28,0.02228436,23.0020408163265,2.3562,1.4355,0.3705,0.2678,176.80612244898,556.317268292683,52.4625267665953,31.9066147859922,2.53592658856121,2.63317019310967,0.0390620919103318,0.0758799505067384
"119","60","C","P+","P","I64+-Ktn","I64+","Ktn",8.394,26,30,0.02419026,22.3976744186047,1.7727,3.4305,0.4506,0.2921,89.6521489361702,341.489159090909,69.9404761904762,43.6941410129096,2.49427396810984,2.68077191056844,0.0225663102670296,0.0716101532706794
"120","60","C","P+","P","I64+-Ktn","Ktn","I64+",11.591,13,48,0.09912353,16.1648888888889,2.8623,3.4305,0.507,0.3545,49.4077386363636,184.570242990654,100.227790432802,54.8999486916367,2.27237129995048,2.41125937616335,0.0208423486133107,0.0379338265985801
"121","61","D","P+","P","I64+-Ktn","I64+","Ktn",3.21,14,26,0.00886243,21.8953488372093,0.8671,1.5315,0.3644,0.2756,178.295548387097,412.255666666667,53.8194444444444,40.6626506024096,2.62702631115209,2.53708077412947,0.0316963911944384,0.056224237456006
"122","61","D","P+","P","I64+-Ktn","Ktn","I64+",7.822,10,45,0.04948008,16.9879120879121,1.6173,1.5315,0.5005,0.2617,67.5645866666667,391.203941176471,75.2256770310933,47.4860335195531,2.0128888032863,2.64643069426553,0.0135083309473748,0.0682436747547515
"123","62","D","P+","P","I64-Ktn","I64","Ktn",8.607,21,30,0.01602212,22.0272727272727,1.4707,2.3425,0.3915,0.2657,155.046,440.946,53.6044362292052,40.9276944065484,2.50203832722391,2.71839786882445,0.0286598479570999,0.0749692778067335
"124","62","D","P+","P","I64-Ktn","Ktn","I64",10.277,12,46,0.10482029,15.9218274111675,1.8875,2.3425,0.3797,0.4237,124.662044247788,132.5035,70.846394984326,53.4883720930233,2.85728260285454,2.35924859080835,0.0310909407598072,0.0283134435759439
"125","63","D","P+","P","I64-I64+","I64","I64+",5.687,18,27,0.0169646,22.9266666666667,0.9855,1.0493,0.4487,0.2522,104.997949152542,439.569125,60.2040816326531,45.5407969639469,2.31320095194757,2.78966362799025,0.0302852168357511,0.0782909181836843
"126","63","D","P+","P","I64-I64+","I64+","I64",8.265,18,31,0.0238604,21.5686274509804,1.4454,1.0493,0.4192,0.2724,113.499354166667,380.992303030303,63.8297872340426,45.0204638472033,2.64502239274856,2.82913533765814,0.0308673748220265,0.076912579295868
"127","64","D","P+","M","Ktn-Ktn","Ktn","Ktn",8.105,10,47,0.06718296,17.4156976744186,1.5205,1.6014,0.506,0.2433,59.2212957746479,NA,83.9739798935541,30.0751879699248,2.0952683560729,3.01202929198486,0.0139572481070389,0.0643271277085487
"128","64","D","P+","M","Ktn-Ktn","Ktn","Ktn",6.122,8,52,0.04133079,16.4795918367347,1.1402,1.6014,0.4711,0.3465,71.4000277777778,151.806903225806,80.3571428571429,69.8198198198198,2.18837449876498,2.12706549534277,0.012863368944573,0.0277554454132547
"129","65","D","P0","P","I64+-Pdi","I64+","Pdi",6.241,18,26,0.01470265,20.9431818181818,1.6424,1.3054,0.4134,0.2841,103.434545454545,344.3155,72.013093289689,45.8190148911798,2.72020953084076,2.93335618059599,0.0491976700322597,0.0920234321336185
"130","65","D","P0","P","I64+-Pdi","Pdi","I64+",5.161,5,51,0.01409947,19.3129770992366,0.5743,1.3054,0.3963,0.3293,113.973492307692,176.353849056604,71.1159737417943,66.5829145728643,2.57144812484738,2.54526865690485,0.0253077270005882,0.0560991616649667
"131","66","D","P0","M","I64-I64","I64","I64",11.64,28,29,0.01403035,19.6372881355932,2.0238,1.7556,0.3334,0.2975,152.972454545455,193.708456521739,74.8299319727891,74.313408723748,3.57759002363468,3.34658011945114,0.119568278087118,0.093411422715507
"132","66","D","P0","M","I64-I64","I64","I64",6.951,17,31,0.0155823,23.1212765957447,1.2974,1.7556,0.3559,0.2737,153.609675675676,489.515540540541,65.4867256637168,34.7417840375587,3.00867871850696,2.47238375503635,0.0570901778024514,0.0705059241620892
"133","67","D","P0","M","I64+-I64+","I64+","I64+",7.72,20,28,0.02043711,19.8551020408163,1.3293,1.6167,0.4317,0.2592,99.92278125,412.67708,68.3760683760684,45.9558823529412,2.38621760740872,2.75954264288194,0.0223073480701451,0.0981405479624146
"134","67","D","P0","M","I64+-I64+","I64+","I64+",6.334,22,29,0.02186548,22.4333333333333,1.3269,1.6167,0.3867,0.2659,130.86825,442.730357142857,65.0406504065041,40.6386066763425,2.63385122059782,2.72981377733141,0.0454691342610676,0.103838441235299
"135","68","D","P0","P","I64-I64+","I64","I64+",4.969,19,26,0.01470265,25.0676470588235,1.1424,1.3507,0.3769,0.2765,177.91271875,467.796785714286,50.3937007874016,35.6234096692112,2.41867193657283,2.58124903136359,0.0273806877571926,0.055591497998927
"136","68","D","P0","P","I64-I64+","I64+","I64",10.023,23,36,0.04071504,20.4592592592593,1.5953,1.3507,0.3965,0.3015,117.60468,239.900053571429,68.870523415978,58.3941605839416,2.50330173935255,2.70722859809997,0.0301258160799233,0.0868031542670266
"137","69","D","P+","P","Ktn-Pdi","Ktn","Pdi",13.296,12,56,0.09676105,16.0425339366516,2.2754,2.4935,0.4301,0.273,81.8070145985401,489.015357142857,84.1523341523342,34.9127182044888,2.45191616623813,2.87896304746491,0.0354325784477947,0.0544089690850162
"138","69","D","P+","P","Ktn-Pdi","Pdi","Ktn",5.842,7,50,0.02089159,22.3013333333333,0.7827,2.4935,0.4562,0.3097,85.9884285714286,359.313676767677,71.1175616835994,36.9265199552406,1.86071547832848,2.30293139665199,0.0130394761115051,0.0479099641570575
"139","70","D","P+","M","I64-I64","I64","I64",6.299,18,33,0.01753794,21.0711111111111,1.0364,0.919,0.5099,0.2672,72.7368571428571,515.59101754386,67.3076923076923,34.5873786407767,2.40265955427065,2.56867540327081,0.0329632627543468,0.0883330231313707
"140","70","D","P+","M","I64-I64","I64","I64",5.502,19,28,0.01257894,22.6292682926829,0.9881,0.919,0.3654,0.2766,219.1695,577.741909090909,43.5280641466208,28.7958115183246,2.65715996547253,2.47987423135307,0.0378682646890273,0.0815690178499888
"141","71","D","P+","P","I64-Pdi","I64","Pdi",15.228,31,28,0.02770885,21.4888888888889,2.7658,1.5748,0.3803,0.2541,168.858121212121,575.663,52.1327014218009,34.2530922930542,2.38859304153137,2.61485934961562,0.0314901732736871,0.0838779497458298
"142","71","D","P+","P","I64-Pdi","Pdi","I64",2.731,5,53,0.02874976,21.7165289256198,0.3953,1.5748,0.4004,0.3253,115.698323529412,291.335290322581,68.6868686868687,41.2782956058589,1.98030222106528,1.68966164027392,0.0161818006179956,0.0284134231167119
"143","72","D","P0","P","I64-Ktn","I64","Ktn",4.166,17,27,0.01583363,24.3435897435897,0.7635,2.7967,0.4141,0.2855,110.750869565217,391.169413793103,67.0553935860058,39.9449035812672,2.52034531086222,2.5872906465344,0.0232314466918383,0.0561595409738753
"144","72","D","P0","P","I64-Ktn","Ktn","I64",17.45,16,68,0.22783458,18.9975609756098,4.0378,2.7967,0.4147,0.3449,77.0587049180328,218.972138461538,96.0629921259843,48.890560361038,2.50607318542112,2.45904132938866,0.031839946058529,0.0552465075623174
"145","73","D","P0","P","Ktn-Pdi","Ktn","Pdi",12.593,12,56,0.14845491,15.9820083682008,2.7056,2.1593,0.4845,0.3231,58.0678529411765,193.672242105263,93.4065934065934,62.9973474801061,2.50214379020081,2.51482931309397,0.0227611541469068,0.058457874360002
"146","73","D","P0","P","Ktn-Pdi","Pdi","Ktn",8.646,13,52,0.04478864,18.8211538461538,1.0369,2.1593,0.4614,0.2917,70.513170212766,292.849012820513,84.8375451263538,51.1140235910878,2.02165341679041,2.51113913037273,0.0279257725503673,0.0678523959086863
"147","74","D","P0","M","Pdi-Pdi","Pdi","Pdi",6.009,9,57,0.05730265,19.4337837837838,1.092,1.1818,0.3621,0.2805,114.348891891892,396.161096153846,84.9598163030999,40.8483896307934,2.43091969125311,2.67810632785992,0.0890845022457394,0.0834054275065325
"148","74","D","P0","M","Pdi-Pdi","Pdi","Pdi",7.55,11,55,0.05471607,19.2241379310345,0.9981,1.1818,0.4315,0.3091,85.2291153846154,304.560043478261,80.2469135802469,43.767840152236,1.96153024028294,2.47398920838198,0.0284936137635424,0.0763300316943115
"149","75","D","P+","P","I64+-Pdi","I64+","Pdi",12.222,28,29,0.01860085,19.6223880597015,1.6676,1.5256,0.3906,0.2872,144.016827586207,358.597452380952,57.8842315369261,43.0327868852459,2.66491846738216,2.75212429801741,0.0344656419042593,0.078225450156521
"150","75","D","P+","P","I64+-Pdi","Pdi","I64+",4.501,7,47,0.02057324,21.3086206896552,0.5643,1.5256,0.4298,0.2739,87.8821162790698,341.6315,78.4671532846715,49.7017892644135,2.60126474921082,2.68534956524794,0.0224890827428467,0.0594947836538701
"151","76","D","P+","M","I64+-I64+","I64+","I64+",10.534,29,36,0.02744495,22.2482142857143,2.3075,2.3644,0.4206,0.3044,96.550119047619,395.03906,74.468085106383,34.794711203897,2.26627917156276,2.19218828639376,0.0382137880723364,0.0569427650693441
"152","76","D","P+","M","I64+-I64+","I64+","I64+",8.055,24,33,0.02298075,24.4809523809524,1.6301,2.3644,0.3873,0.2918,117.230625,357.419566666667,72.3327305605787,41.8410041841004,2.3223453769013,2.39494442898901,0.0343440504437163,0.0639343014669816
"153","77","D","P+","M","Pdi-Pdi","Pdi","Pdi",3.604,5,47,0.01439635,20.3666666666667,0.6523,0.7676,0.4081,0.3063,99.8098571428571,266.251060606061,76.5864332603939,50.965250965251,2.61926606161144,2.55511857400483,0.0344352360503209,0.0662015716505021
"154","77","D","P+","M","Pdi-Pdi","Pdi","Pdi",4.793,9,41,0.00976774,19.85,0.4936,0.7676,0.4507,0.291,82.924890625,340.314456521739,75.5608028335301,44.1882804995197,2.08207992435926,2.64205771324667,0.0178458276399297,0.0721133914120694
"155","78","D","P0","P","I64-Pdi","I64","Pdi",5.899,18,32,0.01340413,21.8085106382979,1.5846,0.8994,0.3666,0.2479,143.963837837838,593.747384615385,65.8362989323843,34.8993288590604,2.42177934323597,2.71742087673649,0.0469412726435798,0.0956263878554749
"156","78","D","P0","P","I64-Pdi","Pdi","I64",3.654,6,43,0.01684103,19.9834645669291,0.4404,0.8994,0.4846,0.3019,68.7760540540541,225.295185185185,78.8912579957356,62.0689655172414,2.18885108503352,2.18971982436211,0.01799019279657,0.0590014561209914
"157","79","D","P0","P","I64+-Ktn","I64+","Ktn",9.842,27,29,0.02304987,21.8304347826087,1.9468,3.6327,0.3737,0.2832,142.937755555556,360.598081081081,63.7393767705383,43.9952437574316,2.58232060295398,2.80839737046464,0.0423899733702861,0.083472794501894
"158","79","D","P0","P","I64+-Ktn","Ktn","I64+",10.883,10,62,0.10209653,16.6170616113744,2.2455,3.6327,0.3905,0.3056,99.1795894736842,230.019289855072,84.2198581560284,59.2783505154639,2.57693088592825,2.59902587879996,0.0377969605007992,0.0631567974216235
"159","80","D","P0","M","Ktn-Ktn","Ktn","Ktn",8.666,9,63,0.09929004,17.3286458333333,1.9303,3.2911,0.4729,0.3936,72.1416607142857,153.077725,78.9288231148696,53.6912751677852,2.21538327492065,2.09370762467237,0.0191948834783215,0.0338585296341866
"160","80","D","P0","M","Ktn-Ktn","Ktn","Ktn",10.215,14,54,0.09372942,16.2663594470046,2.1196,3.2911,0.419,0.3729,124.781430379747,153.007350877193,58.13097866078,59.8425196850394,2.27435658888306,2.3528281349629,0.0217491026153236,0.0332155050220131
"161","81","E","P0","P","I64-Pdi","I64","Pdi",2.5938,13,20,0.0057177,22.4974358974359,0.7197,0.3952,0.3489,0.298,225.418225806452,378.23596969697,46.4071856287425,37.8874856486797,2.61306403223256,2.40991133721478,0.0219570497555046,0.0386705533296274
"162","81","E","P0","P","I64-Pdi","Pdi","I64",3.179,5,43,0.0140492,20.44,0.4318,0.3952,0.3916,NA,145.978533898305,NA,56.8674698795181,NA,1.96163041617391,NA,0.016687184674024,NA
"163","82","E","P0","P","I64-Ktn","I64","Ktn",6.526,22,25,0.01089085,22.8365853658537,1.2949,1.681,0.345,0.271,289.502701298701,502.736736842105,36.9481765834933,34.4827586206897,2.0810428702906,2.51151643875972,0.0425936510200966,0.0444011951311052
"164","82","E","P0","P","I64-Ktn","Ktn","I64",9.905,10,53,0.06438171,16.0557522123894,2.2238,1.681,0.6666,0.3311,27.7259333333333,358.0495,103.270223752151,32.4508966695132,2.06184823354308,2.09174253398218,0.0251681904230117,0.0370116856020784
"165","83","E","P0","M","I64-I64","I64","I64",10.56,32,33,0.01669128,21.2048387096774,1.8338,1.621,0.4029,0.2737,152.62630952381,508.340423076923,51.4075887392901,33.4190231362468,2.16526358730201,2.56642070036199,0.0330267250692028,0.0760971967406185
"166","83","E","P0","M","I64-I64","I64","I64",5.473,15,27,0.01311929,21.7488888888889,1.0354,1.621,0.3391,0.2988,171.805705882353,154.4242,64.5161290322581,NA,3.59332036154384,2.89591916292913,0.0979644686864357,0.0647734587805596
"167","84","E","P0","P","I64-I64+","I64","I64+",8.655,28,28,0.01410366,20.5555555555556,1.5909,1.2396,0.3958,0.2395,133.211647058824,506.340892857143,61.0047846889952,43.8184663536776,2.45959768577028,2.84816588485524,0.0387955060879865,0.106256486027611
"168","84","E","P0","P","I64-I64+","I64+","I64",3.232,11,26,0.00871268,22.8690476190476,0.8687,1.2396,0.3806,0.2801,131.040441860465,347.200448275862,67.0826833073323,46.7741935483871,2.51120770633742,2.91494141365025,0.0474417857127081,0.0838898345170624
"169","85","E","P+","P","Ktn-Pdi","Ktn","Pdi",4.925,6,55,0.04607669,17.9511520737327,1.184,1.6727,0.4187,0.3201,95.6128630136986,212.591022988506,75.9625390218522,58.4677419354839,2.61757638788499,2.78988002380481,0.0344128715650203,0.0728788818849429
"170","85","E","P+","P","Ktn-Pdi","Pdi","Ktn",8.607,10,53,0.03818501,19.5757763975155,0.9741,1.6727,0.4313,0.3323,93.9155166666667,196.385409638554,72.9040097205346,58.7402689313517,2.13667212606508,2.46380534367232,0.0174298615323566,0.069273584029763
"171","86","E","P+","P","I64+-Ktn","I64+","Ktn",5.435,17,30,0.01244071,23.1511627906977,1.0904,2.2906,0.3693,0.2621,167.026125,414.40525,55.8789289871944,44.7284345047923,2.53079171496874,2.9784509590207,0.0365416339462538,0.0948942384453097
"172","86","E","P+","P","I64+-Ktn","Ktn","I64+",11.03,13,44,0.06501421,16.5066985645933,2.0871,2.2906,0.4572,0.3208,79.9814242424242,202.217558139535,76.1538461538461,61.1664295874822,2.48416267363091,2.63243996363576,0.0275084344949128,0.0629768372606997
"173","87","E","P+","P","I64-Ktn","I64","Ktn",4.017,16,25,0.01130973,23.0944444444444,1.3466,2.7449,0.3845,0.3195,131.630115384615,382.052743243243,65.4911838790932,32.6422584913983,2.2674259426838,2.23826461204256,0.0194258224999447,0.0454009048903384
"174","87","E","P+","P","I64-Ktn","Ktn","I64",17.712,14,51,0.14467977,16.3444915254237,3.3409,2.7449,0.4396,0.3726,72.8106568627451,169.280152173913,90.5057675244011,54.160125588697,2.2095989773098,2.0817047942265,0.0197781363944068,0.0314163019726679
"175","88","E","P+","M","Ktn-Ktn","Ktn","Ktn",6.492,10,60,0.09186017,16.5614130434783,1.3387,1.0114,0.5169,0.3854,46.1344375,151.693782945736,103.225806451613,56.5045992115637,2.65528326859951,2.1534611394293,0.0376424225500568,0.0308296541038702
"176","88","E","P+","M","Ktn-Ktn","Ktn","Ktn",7.303,7,56,0.11054217,17.2606936416185,1.2505,1.0114,0.36,0.36355,104.738303571429,276.2842625,93.8023450586265,33.9919269173571,2.22834291929972,2.28523693056893,0.0402133817622673,0.0503005793280985
"177","89","E","P0","P","Ktn-Pdi","Ktn","Pdi",9.723,11,44,0.05284997,16.7336956521739,1.5788,1.402,0.4262,0.2933,101.81319047619,350.896885714286,68.8524590163934,42.1686746987952,2.21850444737647,2.53880036878559,0.0246919773449633,0.0677869294136135
"178","89","E","P0","P","Ktn-Pdi","Pdi","Ktn",3.572,5,36,0.00759637,20.2555555555556,0.492,1.402,0.4039,0.298,133.807977777778,339.361830769231,58.2901554404145,42.2626788036411,2.2104644483081,2.51920811184105,0.0182759572976533,0.0602115916449044
"179","90","E","P0","M","I64+-I64+","I64+","I64+",7.629,21,27,0.01378374,23.8826086956522,1.4824,1.6725,0.44,0.2983,69.9083333333333,210.526105263158,94.1704035874439,67.9785330948122,3.42966129114657,3.51125351125351,0.0867560138085578,0.102196843472069
"180","90","E","P0","M","I64+-I64+","I64+","I64+",7.254,23,26,0.01286482,26.4972222222222,1.1061,1.6725,0.3584,0.3225,120.972324324324,182.901394736842,81.858407079646,66.9014084507042,3.48974167868639,3.08621858801399,0.108834920643269,0.0961069065929491
"181","91","E","P0","M","Pdi-Pdi","Pdi","Pdi",5.263,10,47,0.02711927,21.1127272727273,0.6505,0.4253,0.5127,0.3084,65.1756739130435,373.145596774194,74.313408723748,35.8796296296296,1.86119054154974,2.46811901278525,0.0212968601643584,0.0951889132990009
"182","91","E","P0","M","Pdi-Pdi","Pdi","Pdi",1.566,4,37,0.01247631,24.4125,0.2413,0.4253,0.43,0.3058,138.32512,399.394195121951,49.800796812749,34.0814630091438,1.8362536031055,2.4207394100895,0.0244729655910273,0.0641752443620074
"183","92","E","P+","M","I64+-I64+","I64+","I64+",7.964,25,30,0.01336748,20.2976190476191,1.7261,2.4709,0.3671,0.3288,164.048416666667,264.381428571429,57.5539568345324,44.5505171042164,2.86754774124103,2.42074491940757,0.0511339492051296,0.0547662849259939
"184","92","E","P+","M","I64+-I64+","I64+","I64+",11.746,24,32,0.0211115,22.9847222222222,2.0571,2.4709,0.3985,0.3017,125.429145454545,282.89887804878,63.953488372093,49.4571773220748,2.47151488497019,2.54076825176004,0.0303926579735481,0.0590206407729311
"185","93","E","P+","P","I64-I64+","I64","I64+",6.338,25,32,0.01809557,24.8055555555556,1.1784,1.8896,0.3795,0.266,169.002657894737,440.625321428571,52.2696011004127,40.8163265306122,2.74053615787108,3.18135532869723,0.0382853928368264,0.0941347868004281
"186","93","E","P+","P","I64-I64+","I64+","I64",9.959,28,21,0.0134256,22.4652173913043,1.8754,1.8896,0.3938,0.2878,138.878527777778,303.289787234043,59.1133004926108,50.6465517241379,2.99422336906333,2.9239643006969,0.0416103005424068,0.0790363466969857
"187","94","E","P+","P","I64+-Pdi","I64+","Pdi",9.822,31,33,0.02695486,22.3071428571429,2.2772,1.7864,0.4025,0.2743,126.618945945946,523.27155,62.0805369127517,32.3275862068965,2.55501663749138,2.61432137864174,0.0329375907316609,0.0860306736438103
"188","94","E","P+","P","I64+-Pdi","Pdi","I64+",3.276,5,49,0.01154535,21.2847826086957,0.4816,1.7864,0.4232,0.2834,96.3346206896552,375.207108695652,73.7913486005089,42.2794117647059,2.00450727779321,2.28859110681307,0.02448131319702,0.0880783551941359
"189","95","E","P0","M","Ktn-Ktn","Ktn","Ktn",12.803,17,44,0.08293805,16.6617647058824,2.5434,2.6394,0.4653,0.3968,91.8152698412698,157.151230088496,64.089521871821,51.4571948998178,2.59838509415559,2.28177705382601,0.020608718921878,0.0287664586560319
"190","95","E","P0","M","Ktn-Ktn","Ktn","Ktn",6.817,10,42,0.04631336,17.5454545454545,1.5845,2.6394,0.41,NA,107.848654639175,NA,70.2135360115816,NA,2.10011748517957,NA,0.0160048122459432,NA
"191","96","E","P0","P","I64+-Pdi","I64+","Pdi",12.123,23,25,0.02188643,23.8153846153846,2.4183,2.753,0.4309,0.3102,122.986225806452,300.919673076923,55.7553956834532,43.956043956044,2.45241205873304,2.59077572643811,0.0283431631545535,0.0777182154768244
"192","96","E","P0","P","I64+-Pdi","Pdi","I64+",7.719,12,51,0.02523484,19.0451127819549,0.679,2.753,0.3714,0.2505,114.720493670886,415.279466666667,80.4480651731161,48.8599348534202,2.29727309711143,2.44493988947523,0.0492842948789345,0.103179736144127
"193","97","E","P0","P","I64+-Ktn","I64+","Ktn",10.521,27,27,0.02018787,25.3918918918919,1.7974,NA,0.3767,0.2898,133.250847826087,371.607622222222,67.3499267935578,40.7978241160471,2.76203479576523,2.61984818754166,0.0378828022722967,0.0695017268668723
"194","97","E","P0","P","I64+-Ktn","Ktn","I64+",12.198,11,50,0.08026769,16.5227053140097,2.5475,NA,0.4085,0.2741,87.6037777777778,358.30385,87.0967741935484,47.2813238770686,2.37179015618302,2.83976853723453,0.0266512868219922,0.0669679678461547
"195","98","E","P+","M","Pdi-Pdi","Pdi","Pdi",5.473,10,51,0.02243097,20.5163793103448,1.2254,NA,0.4616,0.2836,82.6086153846154,403.289698412698,72.3226703755216,39.2523364485981,1.82510298795432,2.8991723661879,0.0265393191866129,0.105012666382591
"196","98","E","P+","M","Pdi-Pdi","Pdi","Pdi",5.426,7,51,0.03204425,19.5925373134328,0.8999,NA,0.40985,0.2968,149.486635514019,413.669239130435,56.020942408377,34.9544072948328,2.03812799818944,2.28285726072369,0.0344204409783235,0.0868858995581376
"197","99","E","P+","M","I64-I64","I64","I64",9.589,35,27,0.01929723,23.615,2.1652,2.0448,0.3513,0.2999,177.463,317.206348837209,58.0985915492958,44.6521287642783,2.80382816460759,2.75075874973323,0.0612344484511104,0.0742168329851982
"198","99","E","P+","M","I64-I64","I64","I64",6.809,28,30,0.01413717,20.6219512195122,1.3196,2.0448,0.3438,0.2547,144.686787234043,488.002419354839,74.4849445324881,40.2075226977951,3.18516343226506,2.7445659808006,0.0994641439534268,0.0844862780259621
"199","100","E","P+","P","I64-Pdi","I64","Pdi",5.963,19,23,0.01083849,21.6191489361702,1.0588,0.9132,0.345,0.2947,212.616071428571,332.848208333333,50.3597122302158,44.0366972477064,2.7044051568471,2.98935062616756,0.0566362414958272,0.0817699282388379
"200","100","E","P+","P","I64-Pdi","Pdi","I64",4.51,5,47,0.01496236,19.5519230769231,0.6858,0.9132,0.4102,0.2967,113.342843137255,289.378351851852,66.7539267015707,49.9537465309898,2.12784913376646,2.40361986687811,0.0265993747863617,0.0572163768351254
